﻿pos_x,pos_y,rotation,side,designator,mpn,pack,value,mount_type,place
179.451,-92.2274,180.0,top,A1,,AC-05-3,AC-05-3,tht,False
113.0046,-81.3816,-90.0,top,A2,,BP520A,BP520A,tht,True
160.655,-102.87,-90.0,top,A3,,Arduino_Nano,Nano_v3,tht,True
148.8506,-87.0966,0.0,top,C1,,C_Radial_D5.0mm_H11.0mm_P2.00mm,4.7u,tht,True
133.0706,-75.2386,-90.0,top,C2,,C_Disc_D5.1mm_W3.2mm_P5.00mm,0.1u,tht,True
123.0136,-84.8106,180.0,top,C3,,C_Radial_D4.0mm_H7.0mm_P1.50mm,1u,tht,True
132.9436,-84.8106,-90.0,top,D1,,D_DO-35_SOD27_P7.62mm_Horizontal,1N4148,tht,True
103.8606,-91.1606,180.0,top,D2,,LED_D3.0mm,"""Blue""",tht,True
103.8606,-86.0806,180.0,top,D3,,LED_D3.0mm,"""Green""",tht,True
103.8606,-81.0006,180.0,top,D4,,LED_D3.0mm,"""Yellow""",tht,True
103.8606,-75.9206,180.0,top,D5,,LED_D3.0mm,"""Red""",tht,True
102.87,-111.9886,90.0,top,J1,,5 pin jumper,Conn_01x05_Socket,tht,True
98.2726,-83.5406,90.0,top,J2,,5 pin jumper,Conn_01x05_Socket,tht,True
189.23,-116.84,180.0,top,J3,,TerminalBlock_bornier-2_P5.08mm,Screw_Terminal_01x02,tht,True
122.1486,-77.6986,0.0,top,K1,,TerminalBlock_bornier-2_P5.08mm,SSR-20DA,tht,True
156.4266,-78.2066,180.0,top,L1,,ZMCT103E,ZMCT103E,tht,True
122.1486,-89.2556,-90.0,top,Q1,,TO-92_Inline,BS170,tht,True
137.1346,-74.9046,0.0,top,R1,,R_Axial_DIN0204_L3.6mm_D1.6mm_P7.62mm_Horizontal,22K,tht,True
113.665,-114.5286,180.0,top,R10,,R_Axial_DIN0204_L3.6mm_D1.6mm_P7.62mm_Horizontal,330R,tht,True
113.665,-111.9886,180.0,top,R11,,R_Axial_DIN0204_L3.6mm_D1.6mm_P7.62mm_Horizontal,330R,tht,True
113.665,-109.4486,180.0,top,R12,,R_Axial_DIN0204_L3.6mm_D1.6mm_P7.62mm_Horizontal,330R,tht,True
154.4066,-85.8266,0.0,top,R2,,R_Axial_DIN0204_L3.6mm_D1.6mm_P7.62mm_Horizontal,150R,tht,True
137.1346,-77.9526,0.0,top,R3,,R_Axial_DIN0204_L3.6mm_D1.6mm_P7.62mm_Horizontal,330K,tht,True
144.7546,-81.2546,180.0,top,R4,,R_Axial_DIN0204_L3.6mm_D1.6mm_P7.62mm_Horizontal,18K,tht,True
129.7686,-84.8106,-90.0,top,R5,,R_Axial_DIN0204_L3.6mm_D1.6mm_P7.62mm_Horizontal,220K,tht,True
126.5936,-92.4306,90.0,top,R6,,R_Axial_DIN0204_L3.6mm_D1.6mm_P7.62mm_Horizontal,120R,tht,True
144.5006,-96.2406,180.0,top,R7,,R_Axial_DIN0204_L3.6mm_D1.6mm_P7.62mm_Horizontal,10K,tht,True
130.0226,-96.2406,180.0,top,R8,,R_Axial_DIN0204_L3.6mm_D1.6mm_P7.62mm_Horizontal,10K,tht,True
113.665,-117.0686,180.0,top,R9,,R_Axial_DIN0204_L3.6mm_D1.6mm_P7.62mm_Horizontal,330R,tht,True
148.3506,-92.2226,0.0,top,RV1,,Potentiometer_Runtron_RM-065_Vertical,10K,tht,True
156.4786,-92.2566,0.0,top,RV2,,Potentiometer_Runtron_RM-065_Vertical,10K,tht,True
144.4906,-84.8206,-90.0,top,U1,,DIP-8_W7.62mm,CA3140,tht,True
