﻿designator,quantity,value,pack,mpn,mount_type
A1,1,AC-05-3,AC-05-3,,tht
A2,1,BP520A,BP520A,,tht
A3,1,Nano_v3,Arduino_Nano,,tht
C1,1,4.7u,C_Radial_D5.0mm_H11.0mm_P2.00mm,,tht
C2,1,0.1u,C_Disc_D5.1mm_W3.2mm_P5.00mm,,tht
C3,1,1u,C_Radial_D4.0mm_H7.0mm_P1.50mm,,tht
D1,1,1N4148,D_DO-35_SOD27_P7.62mm_Horizontal,,tht
D2,1,"""Blue""",LED_D3.0mm,,tht
D3,1,"""Green""",LED_D3.0mm,,tht
D4,1,"""Yellow""",LED_D3.0mm,,tht
D5,1,"""Red""",LED_D3.0mm,,tht
"J1, J2",2,Conn_01x05_Socket,5 pin jumper,,tht
J3,1,Screw_Terminal_01x02,TerminalBlock_bornier-2_P5.08mm,,tht
K1,1,SSR-20DA,TerminalBlock_bornier-2_P5.08mm,,tht
L1,1,ZMCT103E,ZMCT103E,,tht
Q1,1,BS170,TO-92_Inline,,tht
R1,1,22K,R_Axial_DIN0204_L3.6mm_D1.6mm_P7.62mm_Horizontal,,tht
"R10, R11, R12, R9",4,330R,R_Axial_DIN0204_L3.6mm_D1.6mm_P7.62mm_Horizontal,,tht
R2,1,150R,R_Axial_DIN0204_L3.6mm_D1.6mm_P7.62mm_Horizontal,,tht
R3,1,330K,R_Axial_DIN0204_L3.6mm_D1.6mm_P7.62mm_Horizontal,,tht
R4,1,18K,R_Axial_DIN0204_L3.6mm_D1.6mm_P7.62mm_Horizontal,,tht
R5,1,220K,R_Axial_DIN0204_L3.6mm_D1.6mm_P7.62mm_Horizontal,,tht
R6,1,120R,R_Axial_DIN0204_L3.6mm_D1.6mm_P7.62mm_Horizontal,,tht
"R7, R8",2,10K,R_Axial_DIN0204_L3.6mm_D1.6mm_P7.62mm_Horizontal,,tht
"RV1, RV2",2,10K,Potentiometer_Runtron_RM-065_Vertical,,tht
U1,1,CA3140,DIP-8_W7.62mm,,tht
